Model,Year,Selling_Price_KES,Mileage_km,Fuel_Type,Transmission,Usage_Type,Engine_Size_cc
Mazda Demio,2013,312000.0,55726,Petrol,Automatic,Foreign Used,1500
Honda Fit,2023,879000.0,37031,Petrol,Automatic,Foreign Used,1500
Toyota Fielder,2011,494000.0,143447,Petrol,Automatic,Locally Used,1500
Toyota Vitz,2024,727000.0,26605,Petrol,Automatic,Locally Used,1500
Suzuki Alto,2023,710000.0,22253,Petrol,Automatic,Foreign Used,1000
Suzuki Alto,2017,314000.0,57861,Hybrid,Automatic,Locally Used,1000
Toyota Prado,2012,2347000.0,11284,Diesel,Automatic,Locally Used,2700
Toyota Prado,2021,4349000.0,171618,Diesel,Automatic,Locally Used,2700
Nissan Note,2020,514000.0,65340,Petrol,Automatic,Locally Used,1500
Suzuki Alto,2015,303000.0,68918,Petrol,Automatic,Foreign Used,1000
Toyota Prado,2019,3547000.0,171212,Diesel,Automatic,Locally Used,2700
Toyota Prado,2019,4220000.0,95420,Diesel,Automatic,Locally Used,2700
Toyota Fielder,2013,681000.0,30369,Petrol,Automatic,Foreign Used,1500
Honda Fit,2016,405000.0,134874,Petrol,Automatic,Locally Used,1500
Suzuki Alto,2016,339000.0,79720,Petrol,Automatic,Foreign Used,1000
Nissan Note,2017,400000.0,27250,Hybrid,Automatic,Foreign Used,1500
Toyota Vitz,2017,364000.0,150530,Petrol,Automatic,Locally Used,1500
Mazda Demio,2016,429000.0,59090,Hybrid,Automatic,Foreign Used,1500
Toyota Prado,2024,8951000.0,170411,Diesel,Automatic,Locally Used,2700
Mazda Demio,2021,541000.0,73431,Petrol,Automatic,Foreign Used,1500
Toyota Vitz,2014,318000.0,46442,Petrol,Automatic,Locally Used,1500
Honda Fit,2015,431000.0,55883,Petrol,Automatic,Foreign Used,1500
Toyota Prado,2020,6129000.0,155786,Diesel,Automatic,Locally Used,2700
Nissan Note,2018,334000.0,73914,Petrol,Automatic,Locally Used,1500
Toyota Vitz,2023,876000.0,39466,Petrol,Automatic,Foreign Used,1500
Toyota Prado,2019,5689000.0,48653,Diesel,Automatic,Foreign Used,2700
Toyota Fielder,2010,343000.0,97549,Petrol,Automatic,Locally Used,1500
Mazda Demio,2014,303000.0,19928,Petrol,Automatic,Locally Used,1500
Toyota Prado,2016,3791000.0,81892,Diesel,Automatic,Locally Used,2700
Toyota Prado,2022,5316000.0,162991,Diesel,Automatic,Locally Used,2700
Mazda Demio,2018,435000.0,35000,Hybrid,Automatic,Foreign Used,1500
Honda Fit,2023,798000.0,44464,Petrol,Automatic,Foreign Used,1500
Honda Fit,2017,377000.0,55466,Petrol,Automatic,Locally Used,1500
Mazda Demio,2021,452000.0,102676,Petrol,Automatic,Locally Used,1500
Toyota Vitz,2021,653000.0,136308,Petrol,Automatic,Locally Used,1500
Nissan Note,2014,349000.0,35713,Petrol,Automatic,Foreign Used,1500
Toyota Prado,2011,2849000.0,72979,Diesel,Automatic,Foreign Used,2700
Mazda Demio,2019,368000.0,179413,Petrol,Automatic,Locally Used,1500
Suzuki Alto,2021,459000.0,71082,Petrol,Automatic,Locally Used,1000
Toyota Vitz,2017,438000.0,105192,Petrol,Automatic,Locally Used,1500
Mazda Demio,2014,311000.0,23332,Petrol,Automatic,Foreign Used,1500
Nissan Note,2020,414000.0,157301,Hybrid,Automatic,Locally Used,1500
Toyota Fielder,2017,1042000.0,58624,Petrol,Automatic,Foreign Used,1500
Nissan Note,2015,310000.0,18161,Petrol,Automatic,Locally Used,1500
Nissan Note,2023,618000.0,77320,Petrol,Automatic,Foreign Used,1500
Mazda Demio,2016,378000.0,131016,Petrol,Automatic,Locally Used,1500
Toyota Fielder,2015,713000.0,42067,Petrol,Automatic,Foreign Used,1500
Honda Fit,2016,361000.0,97913,Petrol,Automatic,Locally Used,1500
Nissan Note,2017,359000.0,102880,Hybrid,Automatic,Locally Used,1500
Suzuki Alto,2017,349000.0,77989,Hybrid,Automatic,Foreign Used,1000
Toyota Prado,2016,3056000.0,24897,Diesel,Automatic,Locally Used,2700
Nissan Note,2022,727000.0,67052,Petrol,Automatic,Foreign Used,1500
Toyota Fielder,2014,679000.0,167346,Petrol,Automatic,Locally Used,1500
Toyota Prado,2017,4556000.0,62573,Diesel,Automatic,Locally Used,2700
Suzuki Alto,2020,321000.0,79353,Petrol,Automatic,Locally Used,1000
Toyota Prado,2020,5790000.0,41642,Diesel,Automatic,Foreign Used,2700
Toyota Vitz,2020,671000.0,133398,Petrol,Automatic,Locally Used,1500
Toyota Prado,2015,3384000.0,69964,Diesel,Automatic,Foreign Used,2700
Toyota Fielder,2024,1731000.0,22339,Hybrid,Automatic,Foreign Used,1500
Honda Fit,2022,807000.0,61911,Petrol,Automatic,Foreign Used,1500
Nissan Note,2024,703000.0,19790,Petrol,Automatic,Locally Used,1500
Mazda Demio,2016,410000.0,74335,Petrol,Automatic,Foreign Used,1500
Honda Fit,2024,810000.0,42439,Petrol,Automatic,Foreign Used,1500
Toyota Prado,2010,1425000.0,49900,Diesel,Automatic,Locally Used,2700
Honda Fit,2023,782000.0,30059,Petrol,Automatic,Foreign Used,1500
Toyota Vitz,2017,439000.0,27628,Hybrid,Automatic,Locally Used,1500
Nissan Note,2018,309000.0,85758,Hybrid,Automatic,Locally Used,1500
Nissan Note,2022,706000.0,110475,Hybrid,Automatic,Locally Used,1500
Toyota Vitz,2024,1005000.0,83705,Hybrid,Automatic,Locally Used,1500
Toyota Prado,2016,4297000.0,59927,Diesel,Automatic,Foreign Used,2700
Toyota Prado,2020,5104000.0,118495,Diesel,Automatic,Locally Used,2700
Nissan Note,2023,606000.0,80769,Petrol,Automatic,Locally Used,1500
Nissan Note,2024,807000.0,44830,Petrol,Automatic,Locally Used,1500
Toyota Fielder,2014,622000.0,72587,Petrol,Automatic,Foreign Used,1500
Mazda Demio,2021,525000.0,90943,Petrol,Automatic,Locally Used,1500
Suzuki Alto,2024,582000.0,26628,Petrol,Automatic,Locally Used,1000
Honda Fit,2023,1080000.0,21590,Petrol,Automatic,Foreign Used,1500
Toyota Prado,2015,3590000.0,58093,Diesel,Automatic,Foreign Used,2700
Mazda Demio,2016,322000.0,43373,Hybrid,Automatic,Foreign Used,1500
Toyota Vitz,2014,345000.0,75394,Petrol,Automatic,Locally Used,1500
Nissan Note,2020,608000.0,43923,Petrol,Automatic,Foreign Used,1500
Mazda Demio,2023,852000.0,25144,Petrol,Automatic,Foreign Used,1500
Suzuki Alto,2024,679000.0,25296,Petrol,Automatic,Foreign Used,1000
Nissan Note,2023,650000.0,126142,Petrol,Automatic,Locally Used,1500
Suzuki Alto,2021,434000.0,43396,Petrol,Manual,Foreign Used,1000
Toyota Fielder,2021,1589000.0,53686,Petrol,Automatic,Foreign Used,1500
Honda Fit,2018,533000.0,30703,Petrol,Automatic,Foreign Used,1500
Mazda Demio,2020,691000.0,77572,Petrol,Automatic,Foreign Used,1500
Nissan Note,2018,463000.0,66327,Petrol,Automatic,Locally Used,1500
Toyota Prado,2021,4691000.0,86768,Diesel,Automatic,Locally Used,2700
Honda Fit,2015,325000.0,172676,Petrol,Automatic,Locally Used,1500
Toyota Prado,2023,6384000.0,29291,Diesel,Automatic,Foreign Used,2700
Honda Fit,2017,341000.0,55559,Hybrid,Automatic,Locally Used,1500
Toyota Prado,2011,2080000.0,68037,Diesel,Automatic,Foreign Used,2700
Toyota Fielder,2022,1399000.0,78611,Hybrid,Automatic,Foreign Used,1500
Honda Fit,2017,542000.0,44502,Petrol,Automatic,Foreign Used,1500
Honda Fit,2014,392000.0,58872,Hybrid,Automatic,Foreign Used,1500
Toyota Prado,2020,5625000.0,22990,Diesel,Automatic,Foreign Used,2700
Toyota Vitz,2017,578000.0,66556,Hybrid,Automatic,Foreign Used,1500
Toyota Prado,2023,8205000.0,32423,Diesel,Automatic,Foreign Used,2700
Toyota Vitz,2016,330000.0,122675,Petrol,Automatic,Locally Used,1500
Mazda Demio,2019,416000.0,117240,Petrol,Automatic,Locally Used,1500
Honda Fit,2013,365000.0,51832,Petrol,Automatic,Foreign Used,1500
Nissan Note,2016,355000.0,107716,Petrol,Automatic,Locally Used,1500
Mazda Demio,2018,453000.0,41657,Petrol,Automatic,Foreign Used,1500
Toyota Prado,2021,7147000.0,69691,Diesel,Automatic,Foreign Used,2700
Toyota Fielder,2021,1191000.0,77916,Petrol,Automatic,Locally Used,1500
Suzuki Alto,2024,555000.0,32708,Petrol,Manual,Locally Used,1000
Toyota Prado,2013,3073000.0,21734,Diesel,Automatic,Locally Used,2700
Toyota Fielder,2021,1051000.0,67835,Petrol,Automatic,Locally Used,1500
Honda Fit,2022,569000.0,108853,Petrol,Automatic,Locally Used,1500
Toyota Prado,2021,4838000.0,62313,Diesel,Automatic,Locally Used,2700
Suzuki Alto,2024,718000.0,50836,Petrol,Manual,Locally Used,1000
Toyota Fielder,2013,524000.0,69369,Petrol,Automatic,Locally Used,1500
Mazda Demio,2016,335000.0,11413,Petrol,Automatic,Locally Used,1500
Toyota Vitz,2024,786000.0,22419,Petrol,Automatic,Foreign Used,1500
Toyota Vitz,2018,505000.0,150649,Petrol,Automatic,Locally Used,1500
Toyota Vitz,2016,353000.0,64213,Petrol,Automatic,Foreign Used,1500
Toyota Fielder,2011,490000.0,110878,Petrol,Automatic,Locally Used,1500
Nissan Note,2023,694000.0,110492,Petrol,Automatic,Locally Used,1500
Nissan Note,2022,549000.0,73001,Petrol,Automatic,Foreign Used,1500
Toyota Vitz,2020,603000.0,144362,Petrol,Automatic,Locally Used,1500
Toyota Fielder,2014,665000.0,46385,Petrol,Automatic,Foreign Used,1500
Honda Fit,2014,303000.0,85084,Petrol,Automatic,Locally Used,1500
Toyota Fielder,2020,937000.0,90628,Petrol,Automatic,Locally Used,1500
Toyota Vitz,2012,309000.0,61486,Hybrid,Automatic,Foreign Used,1500
Mazda Demio,2017,370000.0,12883,Petrol,Automatic,Locally Used,1500
Toyota Prado,2024,9289000.0,81954,Diesel,Automatic,Locally Used,2700
Toyota Vitz,2019,627000.0,74442,Petrol,Automatic,Foreign Used,1500
Toyota Vitz,2022,820000.0,22108,Petrol,Automatic,Foreign Used,1500
Honda Fit,2022,810000.0,77076,Hybrid,Automatic,Locally Used,1500
Mazda Demio,2014,320000.0,102160,Petrol,Automatic,Locally Used,1500
Mazda Demio,2016,421000.0,60262,Petrol,Automatic,Foreign Used,1500
Mazda Demio,2021,658000.0,134811,Petrol,Automatic,Locally Used,1500
Honda Fit,2021,662000.0,52336,Petrol,Automatic,Locally Used,1500
Toyota Prado,2019,4387000.0,101561,Diesel,Automatic,Locally Used,2700
Toyota Prado,2013,3629000.0,75318,Diesel,Automatic,Foreign Used,2700
Nissan Note,2017,490000.0,52887,Petrol,Automatic,Foreign Used,1500
Suzuki Alto,2020,329000.0,38569,Hybrid,Manual,Foreign Used,1000
Toyota Prado,2018,4806000.0,34504,Diesel,Automatic,Locally Used,2700
Nissan Note,2019,569000.0,50853,Hybrid,Automatic,Foreign Used,1500
Toyota Prado,2019,5752000.0,48507,Diesel,Automatic,Foreign Used,2700
Toyota Fielder,2011,461000.0,67410,Petrol,Automatic,Locally Used,1500
Mazda Demio,2018,359000.0,26021,Petrol,Automatic,Locally Used,1500
Mazda Demio,2018,414000.0,114253,Petrol,Automatic,Locally Used,1500
Toyota Prado,2011,1533000.0,118444,Diesel,Automatic,Locally Used,2700
Suzuki Alto,2018,309000.0,155505,Petrol,Manual,Locally Used,1000
Nissan Note,2020,671000.0,41842,Petrol,Automatic,Foreign Used,1500
Toyota Prado,2022,6261000.0,46833,Diesel,Automatic,Locally Used,2700
Toyota Prado,2016,4014000.0,172458,Diesel,Automatic,Locally Used,2700
Toyota Prado,2018,4765000.0,153742,Diesel,Automatic,Locally Used,2700
Nissan Note,2022,685000.0,20488,Petrol,Automatic,Foreign Used,1500
Honda Fit,2018,617000.0,29126,Petrol,Automatic,Foreign Used,1500
Honda Fit,2018,594000.0,34243,Hybrid,Automatic,Foreign Used,1500
Toyota Vitz,2014,384000.0,45510,Petrol,Automatic,Foreign Used,1500
Nissan Note,2019,427000.0,37828,Petrol,Automatic,Foreign Used,1500
Suzuki Alto,2023,460000.0,41678,Petrol,Automatic,Foreign Used,1000
Nissan Note,2021,517000.0,155105,Hybrid,Automatic,Locally Used,1500
Honda Fit,2014,323000.0,101037,Petrol,Automatic,Locally Used,1500
Toyota Prado,2012,1842000.0,55498,Diesel,Automatic,Locally Used,2700
Honda Fit,2015,412000.0,54040,Petrol,Automatic,Locally Used,1500
Toyota Fielder,2021,1068000.0,63644,Hybrid,Automatic,Locally Used,1500
Toyota Vitz,2016,340000.0,14246,Petrol,Automatic,Locally Used,1500
Suzuki Alto,2019,472000.0,50781,Hybrid,Automatic,Foreign Used,1000
Honda Fit,2019,542000.0,67783,Petrol,Automatic,Foreign Used,1500
Toyota Prado,2023,6169000.0,81889,Diesel,Automatic,Locally Used,2700
Toyota Prado,2020,3916000.0,161353,Diesel,Automatic,Locally Used,2700
Nissan Note,2020,509000.0,41248,Petrol,Automatic,Foreign Used,1500
Toyota Fielder,2019,970000.0,97211,Petrol,Automatic,Locally Used,1500
Suzuki Alto,2024,832000.0,72255,Hybrid,Automatic,Foreign Used,1000
Mazda Demio,2023,741000.0,65061,Petrol,Automatic,Foreign Used,1500
Toyota Fielder,2020,1129000.0,50960,Petrol,Automatic,Locally Used,1500
Toyota Prado,2010,1705000.0,18833,Diesel,Automatic,Locally Used,2700
Mazda Demio,2017,396000.0,72291,Petrol,Automatic,Foreign Used,1500
Nissan Note,2024,807000.0,70875,Petrol,Automatic,Foreign Used,1500
Honda Fit,2016,410000.0,77261,Petrol,Automatic,Foreign Used,1500
Honda Fit,2021,605000.0,47615,Petrol,Automatic,Foreign Used,1500
Suzuki Alto,2019,460000.0,62888,Petrol,Automatic,Foreign Used,1000
Mazda Demio,2016,431000.0,20161,Petrol,Automatic,Foreign Used,1500
Nissan Note,2022,713000.0,26070,Petrol,Automatic,Foreign Used,1500
Honda Fit,2024,1068000.0,12115,Petrol,Automatic,Locally Used,1500
Toyota Vitz,2016,510000.0,66964,Petrol,Automatic,Foreign Used,1500
Toyota Prado,2022,8188000.0,56835,Diesel,Automatic,Foreign Used,2700
Toyota Prado,2018,6063000.0,59089,Diesel,Automatic,Foreign Used,2700
Toyota Vitz,2016,346000.0,37703,Hybrid,Automatic,Locally Used,1500
Nissan Note,2015,314000.0,67244,Petrol,Automatic,Foreign Used,1500
Honda Fit,2020,457000.0,124788,Petrol,Automatic,Locally Used,1500
Honda Fit,2018,439000.0,52209,Petrol,Automatic,Foreign Used,1500
Honda Fit,2018,495000.0,61839,Petrol,Automatic,Locally Used,1500
Mazda Demio,2020,579000.0,39499,Petrol,Automatic,Foreign Used,1500
Nissan Note,2018,408000.0,89050,Petrol,Automatic,Locally Used,1500
Nissan Note,2022,650000.0,28630,Petrol,Automatic,Foreign Used,1500
Honda Fit,2018,523000.0,96242,Hybrid,Automatic,Locally Used,1500
Toyota Vitz,2023,667000.0,104762,Petrol,Automatic,Locally Used,1500
Honda Fit,2023,696000.0,138859,Petrol,Automatic,Locally Used,1500
Toyota Fielder,2015,771000.0,63528,Petrol,Automatic,Foreign Used,1500
Honda Fit,2020,532000.0,63253,Petrol,Automatic,Foreign Used,1500
Toyota Prado,2021,6272000.0,152125,Diesel,Automatic,Locally Used,2700
Toyota Prado,2021,6815000.0,42624,Diesel,Automatic,Foreign Used,2700
Mazda Demio,2016,458000.0,75098,Petrol,Automatic,Foreign Used,1500
Toyota Vitz,2015,333000.0,37994,Petrol,Automatic,Locally Used,1500
Toyota Vitz,2020,711000.0,73871,Petrol,Automatic,Foreign Used,1500
Mazda Demio,2021,454000.0,95687,Petrol,Automatic,Locally Used,1500
Toyota Prado,2021,7060000.0,159954,Diesel,Automatic,Locally Used,2700
Nissan Note,2016,382000.0,62751,Petrol,Automatic,Foreign Used,1500
Suzuki Alto,2024,670000.0,76857,Petrol,Automatic,Foreign Used,1000
Nissan Note,2016,344000.0,21870,Petrol,Automatic,Locally Used,1500
Honda Fit,2020,823000.0,43877,Hybrid,Automatic,Foreign Used,1500
Toyota Fielder,2015,735000.0,40052,Petrol,Automatic,Locally Used,1500
Toyota Fielder,2010,417000.0,51598,Petrol,Automatic,Locally Used,1500
Nissan Note,2021,620000.0,101291,Petrol,Automatic,Locally Used,1500
Mazda Demio,2024,762000.0,114229,Petrol,Automatic,Locally Used,1500
Toyota Fielder,2023,1423000.0,99241,Petrol,Automatic,Locally Used,1500
Honda Fit,2020,674000.0,56930,Petrol,Automatic,Foreign Used,1500
Suzuki Alto,2020,451000.0,171046,Petrol,Manual,Locally Used,1000
Nissan Note,2022,567000.0,89538,Hybrid,Automatic,Locally Used,1500
Mazda Demio,2018,436000.0,72520,Petrol,Automatic,Locally Used,1500
Mazda Demio,2022,764000.0,24404,Hybrid,Automatic,Foreign Used,1500
Mazda Demio,2016,318000.0,67718,Petrol,Automatic,Locally Used,1500
Honda Fit,2024,929000.0,35761,Petrol,Automatic,Locally Used,1500
Honda Fit,2017,481000.0,82594,Petrol,Automatic,Locally Used,1500
Toyota Prado,2023,8926000.0,129890,Diesel,Automatic,Locally Used,2700
Toyota Fielder,2018,997000.0,115900,Petrol,Automatic,Locally Used,1500
Toyota Prado,2017,3303000.0,157581,Diesel,Automatic,Locally Used,2700
Suzuki Alto,2016,321000.0,68966,Petrol,Automatic,Foreign Used,1000
Toyota Prado,2015,3389000.0,66738,Diesel,Automatic,Locally Used,2700
Mazda Demio,2020,518000.0,80374,Petrol,Automatic,Locally Used,1500
Toyota Vitz,2024,1168000.0,34105,Petrol,Automatic,Foreign Used,1500
Suzuki Alto,2018,313000.0,53281,Petrol,Automatic,Foreign Used,1000
Toyota Prado,2020,4729000.0,83858,Diesel,Automatic,Locally Used,2700
Toyota Fielder,2019,853000.0,109259,Petrol,Automatic,Locally Used,1500
Nissan Note,2022,634000.0,88128,Petrol,Automatic,Locally Used,1500
Mazda Demio,2017,374000.0,56703,Petrol,Automatic,Foreign Used,1500
Toyota Fielder,2013,486000.0,65045,Petrol,Automatic,Locally Used,1500
Honda Fit,2023,941000.0,35982,Hybrid,Automatic,Locally Used,1500
Mazda Demio,2020,437000.0,117812,Petrol,Automatic,Locally Used,1500
Honda Fit,2016,351000.0,46029,Petrol,Automatic,Locally Used,1500
Suzuki Alto,2017,398000.0,46255,Hybrid,Automatic,Foreign Used,1000
Toyota Vitz,2018,536000.0,22799,Hybrid,Automatic,Locally Used,1500
Suzuki Alto,2023,455000.0,119646,Petrol,Automatic,Locally Used,1000
Mazda Demio,2017,445000.0,29632,Petrol,Automatic,Foreign Used,1500
Toyota Prado,2016,3228000.0,66057,Diesel,Automatic,Locally Used,2700
Nissan Note,2018,343000.0,139159,Petrol,Automatic,Locally Used,1500
Toyota Fielder,2017,1015000.0,51516,Petrol,Automatic,Foreign Used,1500
Honda Fit,2015,405000.0,94376,Hybrid,Automatic,Locally Used,1500
Toyota Vitz,2019,540000.0,63084,Petrol,Automatic,Foreign Used,1500
Toyota Vitz,2013,366000.0,32633,Petrol,Automatic,Foreign Used,1500
Toyota Vitz,2023,1000000.0,41085,Petrol,Automatic,Foreign Used,1500
Toyota Prado,2015,2917000.0,126945,Diesel,Automatic,Locally Used,2700
Toyota Vitz,2017,408000.0,49426,Petrol,Automatic,Locally Used,1500
Toyota Fielder,2015,507000.0,139316,Petrol,Automatic,Locally Used,1500
Toyota Fielder,2019,971000.0,72185,Hybrid,Automatic,Locally Used,1500
Toyota Fielder,2012,603000.0,60151,Petrol,Automatic,Foreign Used,1500
Toyota Prado,2013,2650000.0,54261,Diesel,Automatic,Locally Used,2700
Nissan Note,2021,517000.0,17667,Petrol,Automatic,Locally Used,1500
Toyota Vitz,2017,399000.0,33593,Petrol,Automatic,Foreign Used,1500
Honda Fit,2017,499000.0,76895,Petrol,Automatic,Locally Used,1500
Honda Fit,2014,349000.0,56262,Petrol,Automatic,Locally Used,1500
Toyota Vitz,2015,301000.0,177980,Petrol,Automatic,Locally Used,1500
Honda Fit,2017,468000.0,127340,Petrol,Automatic,Locally Used,1500
Mazda Demio,2015,328000.0,146812,Hybrid,Automatic,Locally Used,1500
Nissan Note,2017,362000.0,97046,Petrol,Automatic,Locally Used,1500
Toyota Fielder,2019,1159000.0,45817,Hybrid,Automatic,Foreign Used,1500
Toyota Vitz,2013,319000.0,39097,Petrol,Automatic,Locally Used,1500
Suzuki Alto,2022,524000.0,75240,Petrol,Automatic,Locally Used,1000
Suzuki Alto,2016,363000.0,24561,Petrol,Automatic,Foreign Used,1000
Toyota Fielder,2010,383000.0,44375,Hybrid,Automatic,Foreign Used,1500
Toyota Fielder,2019,1027000.0,27057,Petrol,Automatic,Locally Used,1500
Suzuki Alto,2021,324000.0,73033,Petrol,Automatic,Locally Used,1000
Suzuki Alto,2019,338000.0,56396,Petrol,Manual,Locally Used,1000
Toyota Fielder,2017,814000.0,60932,Petrol,Automatic,Foreign Used,1500
Toyota Prado,2017,4272000.0,62077,Diesel,Automatic,Locally Used,2700
Toyota Vitz,2024,911000.0,41016,Petrol,Automatic,Locally Used,1500
Nissan Note,2019,500000.0,95658,Petrol,Automatic,Locally Used,1500
Suzuki Alto,2018,368000.0,23360,Petrol,Automatic,Foreign Used,1000
Toyota Fielder,2018,1046000.0,155835,Hybrid,Automatic,Locally Used,1500
Mazda Demio,2023,621000.0,167428,Hybrid,Automatic,Locally Used,1500
Toyota Prado,2024,9293000.0,44207,Diesel,Automatic,Locally Used,2700
Toyota Fielder,2010,472000.0,62215,Petrol,Automatic,Foreign Used,1500
Mazda Demio,2020,707000.0,50572,Hybrid,Automatic,Foreign Used,1500
Honda Fit,2018,566000.0,147373,Petrol,Automatic,Locally Used,1500
Honda Fit,2016,430000.0,126486,Petrol,Automatic,Locally Used,1500
Toyota Fielder,2017,986000.0,49163,Petrol,Automatic,Foreign Used,1500
Suzuki Alto,2018,309000.0,23537,Petrol,Automatic,Foreign Used,1000
Nissan Note,2023,771000.0,72805,Petrol,Automatic,Locally Used,1500
Toyota Fielder,2019,930000.0,107773,Petrol,Automatic,Locally Used,1500
Toyota Fielder,2017,934000.0,26713,Petrol,Automatic,Foreign Used,1500
Mazda Demio,2023,710000.0,63076,Petrol,Automatic,Foreign Used,1500
Honda Fit,2017,445000.0,78839,Petrol,Automatic,Foreign Used,1500
Suzuki Alto,2019,359000.0,53234,Hybrid,Manual,Foreign Used,1000
Toyota Fielder,2012,392000.0,74568,Petrol,Automatic,Locally Used,1500
Mazda Demio,2018,386000.0,62675,Petrol,Automatic,Foreign Used,1500
Toyota Vitz,2023,738000.0,29947,Petrol,Automatic,Foreign Used,1500
Mazda Demio,2014,334000.0,45990,Petrol,Automatic,Foreign Used,1500
Honda Fit,2023,750000.0,60433,Hybrid,Automatic,Foreign Used,1500
Suzuki Alto,2023,649000.0,134802,Hybrid,Automatic,Locally Used,1000
Toyota Vitz,2023,765000.0,51303,Petrol,Automatic,Foreign Used,1500
Toyota Prado,2010,2041000.0,149716,Diesel,Automatic,Locally Used,2700
Nissan Note,2023,583000.0,74591,Petrol,Automatic,Locally Used,1500
Nissan Note,2020,495000.0,71520,Petrol,Automatic,Foreign Used,1500
Toyota Vitz,2023,662000.0,92113,Petrol,Automatic,Locally Used,1500
Toyota Prado,2021,8467000.0,72788,Diesel,Automatic,Foreign Used,2700
Honda Fit,2013,373000.0,58584,Petrol,Automatic,Foreign Used,1500
Suzuki Alto,2019,336000.0,37733,Petrol,Manual,Foreign Used,1000
Toyota Fielder,2021,1326000.0,109015,Petrol,Automatic,Locally Used,1500
Toyota Vitz,2024,1032000.0,72829,Hybrid,Automatic,Foreign Used,1500
Toyota Fielder,2013,668000.0,38472,Petrol,Automatic,Foreign Used,1500
Suzuki Alto,2018,401000.0,56918,Petrol,Automatic,Foreign Used,1000
Toyota Fielder,2013,578000.0,120045,Petrol,Automatic,Locally Used,1500
Nissan Note,2021,602000.0,147266,Petrol,Automatic,Locally Used,1500
Toyota Vitz,2021,525000.0,118996,Hybrid,Automatic,Locally Used,1500
Nissan Note,2019,342000.0,158318,Petrol,Automatic,Locally Used,1500
Toyota Prado,2024,11163000.0,43044,Diesel,Automatic,Foreign Used,2700
Toyota Fielder,2023,1148000.0,173509,Hybrid,Automatic,Locally Used,1500
Nissan Note,2024,700000.0,26246,Petrol,Automatic,Foreign Used,1500
Toyota Prado,2022,7702000.0,50278,Diesel,Automatic,Foreign Used,2700
Mazda Demio,2022,639000.0,50837,Petrol,Automatic,Locally Used,1500
Toyota Fielder,2015,577000.0,101683,Petrol,Automatic,Locally Used,1500
Honda Fit,2023,803000.0,34992,Petrol,Automatic,Foreign Used,1500
Toyota Vitz,2021,809000.0,77985,Petrol,Automatic,Foreign Used,1500
Suzuki Alto,2022,610000.0,38573,Petrol,Manual,Foreign Used,1000
Toyota Vitz,2024,1165000.0,36107,Petrol,Automatic,Foreign Used,1500
Toyota Vitz,2023,898000.0,68322,Hybrid,Automatic,Locally Used,1500
Toyota Fielder,2012,483000.0,116593,Petrol,Automatic,Locally Used,1500
Nissan Note,2020,536000.0,116159,Petrol,Automatic,Locally Used,1500
Toyota Prado,2015,2710000.0,100911,Diesel,Automatic,Locally Used,2700
Toyota Vitz,2016,312000.0,37678,Petrol,Automatic,Locally Used,1500
Toyota Vitz,2015,367000.0,102360,Petrol,Automatic,Locally Used,1500
Toyota Prado,2021,7117000.0,22740,Diesel,Automatic,Locally Used,2700
Honda Fit,2020,555000.0,27107,Petrol,Automatic,Foreign Used,1500
Toyota Prado,2023,7089000.0,152713,Diesel,Automatic,Locally Used,2700
Toyota Prado,2018,3232000.0,175685,Diesel,Automatic,Locally Used,2700
Toyota Prado,2022,7600000.0,47714,Diesel,Automatic,Locally Used,2700
Toyota Vitz,2024,925000.0,26013,Hybrid,Automatic,Foreign Used,1500
Toyota Vitz,2017,414000.0,154479,Petrol,Automatic,Locally Used,1500
Toyota Vitz,2019,592000.0,163647,Petrol,Automatic,Locally Used,1500
Suzuki Alto,2024,591000.0,30592,Petrol,Automatic,Foreign Used,1000
Nissan Note,2021,623000.0,60814,Petrol,Automatic,Foreign Used,1500
Toyota Fielder,2012,550000.0,60397,Petrol,Automatic,Foreign Used,1500
Mazda Demio,2024,799000.0,151116,Petrol,Automatic,Locally Used,1500
Mazda Demio,2016,420000.0,39983,Petrol,Automatic,Foreign Used,1500
Toyota Prado,2013,3190000.0,66336,Diesel,Automatic,Foreign Used,2700
Toyota Fielder,2016,832000.0,57182,Hybrid,Automatic,Locally Used,1500
Toyota Fielder,2020,1136000.0,47948,Petrol,Automatic,Locally Used,1500
Toyota Prado,2019,3439000.0,14347,Diesel,Automatic,Locally Used,2700
Toyota Vitz,2013,345000.0,53311,Petrol,Automatic,Foreign Used,1500
Toyota Prado,2022,5944000.0,173492,Diesel,Automatic,Locally Used,2700
Toyota Prado,2014,2833000.0,74047,Diesel,Automatic,Locally Used,2700
Suzuki Alto,2020,462000.0,122381,Hybrid,Manual,Locally Used,1000
Honda Fit,2020,631000.0,138851,Petrol,Automatic,Locally Used,1500
Toyota Fielder,2016,556000.0,112120,Petrol,Automatic,Locally Used,1500
Toyota Fielder,2016,831000.0,44004,Petrol,Automatic,Locally Used,1500
Toyota Vitz,2024,842000.0,166871,Hybrid,Automatic,Locally Used,1500
Toyota Prado,2019,3805000.0,59694,Diesel,Automatic,Locally Used,2700
Toyota Fielder,2024,1785000.0,86601,Petrol,Automatic,Locally Used,1500
Honda Fit,2023,1086000.0,63912,Petrol,Automatic,Foreign Used,1500
Nissan Note,2021,613000.0,145882,Hybrid,Automatic,Locally Used,1500
Suzuki Alto,2024,652000.0,99467,Hybrid,Manual,Locally Used,1000
Nissan Note,2016,331000.0,42255,Petrol,Automatic,Locally Used,1500
Honda Fit,2020,484000.0,154179,Petrol,Automatic,Locally Used,1500
Toyota Vitz,2018,372000.0,64297,Petrol,Automatic,Locally Used,1500
Nissan Note,2023,683000.0,42512,Petrol,Automatic,Locally Used,1500
Toyota Prado,2014,2686000.0,177870,Diesel,Automatic,Locally Used,2700
Nissan Note,2023,777000.0,37307,Petrol,Automatic,Locally Used,1500
Mazda Demio,2019,594000.0,74287,Petrol,Automatic,Foreign Used,1500
Toyota Fielder,2014,429000.0,32365,Petrol,Automatic,Locally Used,1500
Toyota Vitz,2023,935000.0,25448,Petrol,Automatic,Foreign Used,1500
Honda Fit,2017,383000.0,62625,Petrol,Automatic,Locally Used,1500
Mazda Demio,2020,524000.0,54344,Hybrid,Automatic,Locally Used,1500
Toyota Vitz,2014,386000.0,45901,Petrol,Automatic,Foreign Used,1500
Toyota Fielder,2023,1435000.0,62002,Petrol,Automatic,Foreign Used,1500
Toyota Vitz,2017,365000.0,111960,Petrol,Automatic,Locally Used,1500
Honda Fit,2020,709000.0,45411,Hybrid,Automatic,Foreign Used,1500
Toyota Fielder,2024,2044000.0,20479,Petrol,Automatic,Foreign Used,1500
Toyota Prado,2015,3653000.0,163247,Diesel,Automatic,Locally Used,2700
Toyota Vitz,2018,567000.0,60159,Petrol,Automatic,Foreign Used,1500
Mazda Demio,2022,872000.0,71192,Petrol,Automatic,Foreign Used,1500
Toyota Fielder,2010,358000.0,25759,Hybrid,Automatic,Locally Used,1500
Toyota Prado,2016,3188000.0,116326,Diesel,Automatic,Locally Used,2700
Toyota Vitz,2014,310000.0,26687,Petrol,Automatic,Foreign Used,1500
Toyota Prado,2017,3278000.0,65225,Diesel,Automatic,Foreign Used,2700
Toyota Prado,2023,9557000.0,27096,Diesel,Automatic,Foreign Used,2700
Toyota Prado,2013,2145000.0,152644,Diesel,Automatic,Locally Used,2700
Nissan Note,2020,486000.0,175797,Hybrid,Automatic,Locally Used,1500
Toyota Fielder,2011,430000.0,83931,Petrol,Automatic,Locally Used,1500
Suzuki Alto,2016,334000.0,28554,Hybrid,Automatic,Foreign Used,1000
Toyota Prado,2015,2744000.0,21834,Diesel,Automatic,Foreign Used,2700
Toyota Prado,2024,8464000.0,167103,Diesel,Automatic,Locally Used,2700
Mazda Demio,2020,516000.0,146960,Petrol,Automatic,Locally Used,1500
Suzuki Alto,2024,645000.0,15161,Hybrid,Automatic,Locally Used,1000
Toyota Prado,2016,2584000.0,83166,Diesel,Automatic,Locally Used,2700
Toyota Fielder,2020,1221000.0,47628,Petrol,Automatic,Foreign Used,1500
Mazda Demio,2021,701000.0,55829,Hybrid,Automatic,Foreign Used,1500
Toyota Prado,2022,5885000.0,82414,Diesel,Automatic,Locally Used,2700
Toyota Fielder,2015,566000.0,157025,Petrol,Automatic,Locally Used,1500
Toyota Fielder,2021,1067000.0,67423,Hybrid,Automatic,Locally Used,1500
Toyota Prado,2019,4096000.0,145307,Diesel,Automatic,Locally Used,2700
Nissan Note,2020,611000.0,52366,Petrol,Automatic,Foreign Used,1500
Toyota Prado,2011,2240000.0,167714,Diesel,Automatic,Locally Used,2700
Nissan Note,2024,630000.0,82128,Petrol,Automatic,Locally Used,1500
Nissan Note,2024,745000.0,24683,Petrol,Automatic,Locally Used,1500
Toyota Vitz,2018,480000.0,59226,Petrol,Automatic,Locally Used,1500
Mazda Demio,2022,630000.0,41388,Petrol,Automatic,Locally Used,1500
Toyota Fielder,2014,676000.0,11064,Petrol,Automatic,Locally Used,1500
Suzuki Alto,2015,326000.0,23758,Hybrid,Automatic,Foreign Used,1000
Honda Fit,2023,723000.0,38778,Hybrid,Automatic,Locally Used,1500
Toyota Vitz,2023,832000.0,107231,Hybrid,Automatic,Locally Used,1500
Mazda Demio,2020,692000.0,63908,Hybrid,Automatic,Foreign Used,1500
Nissan Note,2021,595000.0,13660,Petrol,Automatic,Locally Used,1500
Toyota Vitz,2022,711000.0,76112,Petrol,Automatic,Locally Used,1500
Honda Fit,2014,335000.0,79308,Petrol,Automatic,Locally Used,1500
Nissan Note,2017,350000.0,55149,Petrol,Automatic,Locally Used,1500
Honda Fit,2021,615000.0,115540,Petrol,Automatic,Locally Used,1500
Nissan Note,2017,483000.0,46412,Petrol,Automatic,Foreign Used,1500
Toyota Fielder,2021,1424000.0,47332,Petrol,Automatic,Locally Used,1500
Nissan Note,2022,689000.0,45712,Petrol,Automatic,Foreign Used,1500
Mazda Demio,2023,713000.0,65368,Hybrid,Automatic,Foreign Used,1500
Toyota Prado,2017,3259000.0,15440,Diesel,Automatic,Locally Used,2700
Suzuki Alto,2023,381000.0,86182,Petrol,Manual,Locally Used,1000
Toyota Fielder,2023,1678000.0,32124,Petrol,Automatic,Foreign Used,1500
Toyota Vitz,2018,435000.0,135736,Petrol,Automatic,Locally Used,1500
Honda Fit,2023,1087000.0,24354,Petrol,Automatic,Foreign Used,1500
Toyota Vitz,2020,552000.0,123563,Petrol,Automatic,Locally Used,1500
Toyota Prado,2020,7114000.0,58539,Diesel,Automatic,Foreign Used,2700
Toyota Fielder,2018,903000.0,79836,Petrol,Automatic,Foreign Used,1500
Honda Fit,2019,490000.0,105964,Petrol,Automatic,Locally Used,1500
Honda Fit,2015,355000.0,59787,Petrol,Automatic,Foreign Used,1500
Honda Fit,2015,348000.0,45861,Petrol,Automatic,Foreign Used,1500
Toyota Vitz,2021,686000.0,101465,Petrol,Automatic,Locally Used,1500
Mazda Demio,2015,336000.0,69016,Petrol,Automatic,Locally Used,1500
Toyota Vitz,2014,330000.0,141845,Petrol,Automatic,Locally Used,1500
Nissan Note,2018,453000.0,62866,Petrol,Automatic,Foreign Used,1500
Toyota Prado,2021,4971000.0,77502,Diesel,Automatic,Foreign Used,2700
Honda Fit,2017,401000.0,136689,Petrol,Automatic,Locally Used,1500
Honda Fit,2021,595000.0,24986,Petrol,Automatic,Locally Used,1500
Suzuki Alto,2024,595000.0,42413,Petrol,Automatic,Locally Used,1000
Toyota Vitz,2014,314000.0,62946,Hybrid,Automatic,Foreign Used,1500
Toyota Prado,2016,3998000.0,69611,Diesel,Automatic,Locally Used,2700
Honda Fit,2013,302000.0,40098,Petrol,Automatic,Foreign Used,1500
Toyota Fielder,2021,1444000.0,81696,Petrol,Automatic,Locally Used,1500
Toyota Prado,2024,7073000.0,77898,Diesel,Automatic,Locally Used,2700
Toyota Vitz,2021,771000.0,36033,Petrol,Automatic,Foreign Used,1500
Mazda Demio,2017,309000.0,118074,Petrol,Automatic,Locally Used,1500
Toyota Fielder,2010,431000.0,129916,Petrol,Automatic,Locally Used,1500
Nissan Note,2024,709000.0,151476,Petrol,Automatic,Locally Used,1500
Honda Fit,2023,1017000.0,69307,Hybrid,Automatic,Foreign Used,1500
Mazda Demio,2022,593000.0,23015,Petrol,Automatic,Foreign Used,1500
Toyota Prado,2020,5604000.0,30181,Diesel,Automatic,Locally Used,2700
Mazda Demio,2023,701000.0,59090,Petrol,Automatic,Foreign Used,1500
Toyota Fielder,2018,838000.0,79680,Petrol,Automatic,Foreign Used,1500
Toyota Vitz,2020,457000.0,27267,Petrol,Automatic,Locally Used,1500
Mazda Demio,2017,445000.0,65910,Hybrid,Automatic,Foreign Used,1500
Toyota Fielder,2019,1279000.0,25408,Petrol,Automatic,Foreign Used,1500
Toyota Vitz,2023,776000.0,112466,Hybrid,Automatic,Locally Used,1500
Toyota Fielder,2012,597000.0,50740,Petrol,Automatic,Foreign Used,1500
Toyota Fielder,2015,752000.0,57694,Petrol,Automatic,Foreign Used,1500
Toyota Prado,2012,2974000.0,48260,Diesel,Automatic,Foreign Used,2700
Honda Fit,2017,374000.0,168581,Petrol,Automatic,Locally Used,1500
Toyota Fielder,2012,490000.0,69249,Hybrid,Automatic,Foreign Used,1500
Mazda Demio,2021,752000.0,50298,Petrol,Automatic,Foreign Used,1500
Mazda Demio,2020,577000.0,110720,Petrol,Automatic,Locally Used,1500
Toyota Fielder,2019,1204000.0,49847,Hybrid,Automatic,Foreign Used,1500
Mazda Demio,2016,342000.0,160387,Petrol,Automatic,Locally Used,1500
Mazda Demio,2024,858000.0,120293,Hybrid,Automatic,Locally Used,1500
Toyota Fielder,2019,1186000.0,23455,Petrol,Automatic,Foreign Used,1500
Mazda Demio,2021,554000.0,78950,Hybrid,Automatic,Foreign Used,1500
Honda Fit,2019,610000.0,29323,Petrol,Automatic,Locally Used,1500
Toyota Fielder,2014,635000.0,113427,Petrol,Automatic,Locally Used,1500
Toyota Vitz,2024,680000.0,178334,Petrol,Automatic,Locally Used,1500
Toyota Fielder,2012,454000.0,65215,Hybrid,Automatic,Foreign Used,1500
Nissan Note,2017,435000.0,74452,Petrol,Automatic,Foreign Used,1500
Honda Fit,2017,432000.0,97253,Petrol,Automatic,Locally Used,1500
Toyota Vitz,2018,415000.0,27576,Petrol,Automatic,Locally Used,1500
Nissan Note,2021,557000.0,62327,Petrol,Automatic,Foreign Used,1500
Suzuki Alto,2022,480000.0,46629,Hybrid,Automatic,Locally Used,1000
Honda Fit,2021,527000.0,40509,Petrol,Automatic,Locally Used,1500
Toyota Fielder,2016,620000.0,48387,Petrol,Automatic,Locally Used,1500
Honda Fit,2021,757000.0,25318,Hybrid,Automatic,Locally Used,1500
Suzuki Alto,2024,701000.0,177674,Petrol,Automatic,Locally Used,1000
Suzuki Alto,2022,605000.0,78389,Petrol,Automatic,Foreign Used,1000
Nissan Note,2017,383000.0,71375,Hybrid,Automatic,Locally Used,1500
Mazda Demio,2022,813000.0,24154,Petrol,Automatic,Foreign Used,1500
Toyota Prado,2013,2244000.0,30959,Diesel,Automatic,Locally Used,2700
Toyota Fielder,2018,1134000.0,40971,Petrol,Automatic,Foreign Used,1500
Toyota Fielder,2016,646000.0,45557,Petrol,Automatic,Foreign Used,1500
Toyota Fielder,2024,1792000.0,35706,Hybrid,Automatic,Locally Used,1500
Suzuki Alto,2023,422000.0,162763,Petrol,Manual,Locally Used,1000
Nissan Note,2023,695000.0,22302,Hybrid,Automatic,Foreign Used,1500
Toyota Prado,2016,4509000.0,55092,Diesel,Automatic,Foreign Used,2700
Honda Fit,2021,655000.0,80069,Petrol,Automatic,Locally Used,1500
Toyota Prado,2020,4675000.0,54973,Diesel,Automatic,Foreign Used,2700
Toyota Fielder,2020,1108000.0,98749,Petrol,Automatic,Locally Used,1500
Nissan Note,2021,580000.0,50148,Petrol,Automatic,Foreign Used,1500
Mazda Demio,2015,327000.0,28170,Petrol,Automatic,Locally Used,1500
Toyota Prado,2019,5312000.0,75304,Diesel,Automatic,Locally Used,2700
Toyota Fielder,2024,1929000.0,113822,Petrol,Automatic,Locally Used,1500
Suzuki Alto,2019,342000.0,152667,Petrol,Manual,Locally Used,1000
Toyota Vitz,2021,585000.0,50385,Petrol,Automatic,Foreign Used,1500
Mazda Demio,2021,664000.0,48012,Petrol,Automatic,Foreign Used,1500
Toyota Vitz,2015,302000.0,126854,Petrol,Automatic,Locally Used,1500
Honda Fit,2024,1027000.0,134224,Petrol,Automatic,Locally Used,1500
Suzuki Alto,2021,505000.0,53977,Hybrid,Manual,Locally Used,1000
Toyota Prado,2016,3001000.0,35209,Diesel,Automatic,Foreign Used,2700
Honda Fit,2015,380000.0,171781,Petrol,Automatic,Locally Used,1500
Toyota Vitz,2017,460000.0,42616,Petrol,Automatic,Locally Used,1500
Toyota Vitz,2022,624000.0,126227,Petrol,Automatic,Locally Used,1500
Suzuki Alto,2024,668000.0,33408,Petrol,Automatic,Foreign Used,1000
Nissan Note,2022,690000.0,96828,Petrol,Automatic,Locally Used,1500
Toyota Prado,2011,1589000.0,20687,Diesel,Automatic,Locally Used,2700
Mazda Demio,2018,529000.0,64221,Petrol,Automatic,Foreign Used,1500
Nissan Note,2024,989000.0,55953,Petrol,Automatic,Foreign Used,1500
Toyota Prado,2018,3851000.0,65877,Diesel,Automatic,Locally Used,2700
Toyota Prado,2021,4969000.0,80670,Diesel,Automatic,Locally Used,2700
Toyota Fielder,2014,650000.0,50743,Hybrid,Automatic,Locally Used,1500
Honda Fit,2015,380000.0,18237,Petrol,Automatic,Locally Used,1500
Toyota Prado,2011,2132000.0,107409,Diesel,Automatic,Locally Used,2700
Nissan Note,2023,705000.0,174059,Petrol,Automatic,Locally Used,1500
Toyota Fielder,2017,883000.0,31847,Petrol,Automatic,Locally Used,1500
Toyota Prado,2019,5194000.0,146055,Diesel,Automatic,Locally Used,2700
Toyota Prado,2013,2154000.0,22120,Diesel,Automatic,Foreign Used,2700
Mazda Demio,2023,639000.0,62488,Petrol,Automatic,Locally Used,1500
Toyota Fielder,2011,465000.0,179662,Petrol,Automatic,Locally Used,1500
Mazda Demio,2017,390000.0,39692,Petrol,Automatic,Locally Used,1500
Toyota Prado,2011,2308000.0,145213,Diesel,Automatic,Locally Used,2700
Toyota Prado,2022,5655000.0,46649,Diesel,Automatic,Foreign Used,2700
Nissan Note,2023,829000.0,57178,Hybrid,Automatic,Foreign Used,1500
Toyota Fielder,2010,449000.0,20061,Petrol,Automatic,Foreign Used,1500
Mazda Demio,2020,517000.0,71837,Petrol,Automatic,Foreign Used,1500
Toyota Fielder,2019,1174000.0,71114,Petrol,Automatic,Foreign Used,1500
Honda Fit,2020,508000.0,52609,Petrol,Automatic,Locally Used,1500
Honda Fit,2023,983000.0,49819,Petrol,Automatic,Foreign Used,1500
Toyota Fielder,2018,936000.0,151721,Petrol,Automatic,Locally Used,1500
Honda Fit,2015,464000.0,53600,Hybrid,Automatic,Foreign Used,1500
Honda Fit,2015,336000.0,116571,Petrol,Automatic,Locally Used,1500
Toyota Fielder,2015,715000.0,57900,Petrol,Automatic,Foreign Used,1500
Toyota Vitz,2017,317000.0,49360,Hybrid,Automatic,Locally Used,1500
Mazda Demio,2019,442000.0,78032,Hybrid,Automatic,Locally Used,1500
Suzuki Alto,2020,318000.0,128898,Petrol,Manual,Locally Used,1000
Toyota Vitz,2016,315000.0,73259,Petrol,Automatic,Locally Used,1500
Toyota Prado,2023,8192000.0,169862,Diesel,Automatic,Locally Used,2700
Toyota Fielder,2012,569000.0,51281,Petrol,Automatic,Foreign Used,1500
Toyota Vitz,2019,423000.0,106900,Petrol,Automatic,Locally Used,1500
Toyota Prado,2023,6202000.0,135698,Diesel,Automatic,Locally Used,2700
Mazda Demio,2017,371000.0,28413,Petrol,Automatic,Foreign Used,1500
Toyota Prado,2022,5528000.0,157517,Diesel,Automatic,Locally Used,2700
Mazda Demio,2015,318000.0,55180,Petrol,Automatic,Foreign Used,1500
Mazda Demio,2016,366000.0,62124,Hybrid,Automatic,Locally Used,1500
Toyota Prado,2021,5824000.0,30846,Diesel,Automatic,Foreign Used,2700
Toyota Vitz,2022,625000.0,49630,Petrol,Automatic,Locally Used,1500
Toyota Prado,2015,3765000.0,47885,Diesel,Automatic,Locally Used,2700
Toyota Vitz,2023,731000.0,50397,Petrol,Automatic,Locally Used,1500
Toyota Vitz,2014,327000.0,37556,Petrol,Automatic,Locally Used,1500
Nissan Note,2023,519000.0,36313,Hybrid,Automatic,Locally Used,1500
Toyota Vitz,2014,310000.0,20441,Petrol,Automatic,Foreign Used,1500
Toyota Vitz,2020,445000.0,172252,Petrol,Automatic,Locally Used,1500
Mazda Demio,2013,302000.0,55166,Petrol,Automatic,Foreign Used,1500
Honda Fit,2014,349000.0,158598,Petrol,Automatic,Locally Used,1500
Toyota Prado,2013,3368000.0,77122,Diesel,Automatic,Foreign Used,2700
Toyota Fielder,2020,844000.0,142350,Petrol,Automatic,Locally Used,1500
Suzuki Alto,2021,430000.0,72982,Petrol,Manual,Locally Used,1000
Toyota Vitz,2020,632000.0,44116,Petrol,Automatic,Foreign Used,1500
Toyota Fielder,2024,1457000.0,43189,Petrol,Automatic,Locally Used,1500
Honda Fit,2019,480000.0,162088,Hybrid,Automatic,Locally Used,1500
Honda Fit,2020,584000.0,30408,Hybrid,Automatic,Foreign Used,1500
Toyota Fielder,2010,474000.0,40353,Hybrid,Automatic,Foreign Used,1500
Nissan Note,2021,603000.0,118618,Hybrid,Automatic,Locally Used,1500
Suzuki Alto,2021,507000.0,29824,Hybrid,Automatic,Foreign Used,1000
Toyota Fielder,2023,1314000.0,62668,Petrol,Automatic,Foreign Used,1500
Toyota Vitz,2023,851000.0,120500,Petrol,Automatic,Locally Used,1500
Suzuki Alto,2024,550000.0,76470,Petrol,Automatic,Foreign Used,1000
Toyota Fielder,2023,1520000.0,24457,Petrol,Automatic,Locally Used,1500
Honda Fit,2021,720000.0,72854,Petrol,Automatic,Foreign Used,1500
Toyota Vitz,2022,656000.0,78231,Hybrid,Automatic,Locally Used,1500
Toyota Fielder,2015,720000.0,91339,Petrol,Automatic,Locally Used,1500
Toyota Prado,2010,1727000.0,30457,Diesel,Automatic,Foreign Used,2700
Mazda Demio,2024,1029000.0,20856,Hybrid,Automatic,Foreign Used,1500
Toyota Prado,2013,1944000.0,174266,Diesel,Automatic,Locally Used,2700
Toyota Fielder,2012,554000.0,22001,Petrol,Automatic,Locally Used,1500
Honda Fit,2018,486000.0,30746,Petrol,Automatic,Foreign Used,1500
Nissan Note,2018,426000.0,73200,Petrol,Automatic,Foreign Used,1500
Toyota Fielder,2019,978000.0,74867,Petrol,Automatic,Foreign Used,1500
Honda Fit,2022,568000.0,19300,Petrol,Automatic,Locally Used,1500
Toyota Prado,2010,2524000.0,64688,Diesel,Automatic,Foreign Used,2700
Toyota Vitz,2023,642000.0,107014,Petrol,Automatic,Locally Used,1500
Nissan Note,2019,540000.0,58889,Petrol,Automatic,Foreign Used,1500
Honda Fit,2024,848000.0,79870,Petrol,Automatic,Foreign Used,1500
Toyota Prado,2016,5036000.0,50093,Diesel,Automatic,Foreign Used,2700
Suzuki Alto,2021,476000.0,56292,Petrol,Automatic,Foreign Used,1000
Toyota Fielder,2022,1425000.0,69616,Petrol,Automatic,Locally Used,1500
Toyota Prado,2017,5276000.0,79348,Diesel,Automatic,Foreign Used,2700
Toyota Fielder,2019,894000.0,25074,Petrol,Automatic,Foreign Used,1500
Toyota Fielder,2019,1203000.0,30328,Petrol,Automatic,Foreign Used,1500
Toyota Vitz,2021,750000.0,73987,Petrol,Automatic,Foreign Used,1500
Toyota Prado,2023,6586000.0,59957,Diesel,Automatic,Locally Used,2700
Honda Fit,2020,671000.0,40463,Petrol,Automatic,Locally Used,1500
Toyota Fielder,2024,1840000.0,50490,Hybrid,Automatic,Locally Used,1500
Mazda Demio,2017,494000.0,36457,Petrol,Automatic,Foreign Used,1500
Mazda Demio,2016,384000.0,121340,Petrol,Automatic,Locally Used,1500
Toyota Prado,2019,3922000.0,150584,Diesel,Automatic,Locally Used,2700
Toyota Vitz,2017,359000.0,79835,Hybrid,Automatic,Locally Used,1500
Honda Fit,2016,345000.0,131814,Petrol,Automatic,Locally Used,1500
Suzuki Alto,2022,435000.0,30382,Hybrid,Manual,Foreign Used,1000
Toyota Vitz,2019,610000.0,159350,Petrol,Automatic,Locally Used,1500
Toyota Vitz,2018,394000.0,164654,Petrol,Automatic,Locally Used,1500
Honda Fit,2019,496000.0,137437,Hybrid,Automatic,Locally Used,1500
Toyota Prado,2011,2392000.0,71522,Diesel,Automatic,Foreign Used,2700
Toyota Vitz,2022,839000.0,20351,Hybrid,Automatic,Foreign Used,1500
Mazda Demio,2022,707000.0,20237,Petrol,Automatic,Foreign Used,1500
Honda Fit,2019,478000.0,41746,Petrol,Automatic,Locally Used,1500
Toyota Vitz,2019,696000.0,68945,Petrol,Automatic,Foreign Used,1500
Suzuki Alto,2020,453000.0,53080,Petrol,Automatic,Foreign Used,1000
Toyota Vitz,2017,446000.0,93808,Hybrid,Automatic,Locally Used,1500
Toyota Fielder,2013,548000.0,145706,Petrol,Automatic,Locally Used,1500
Toyota Vitz,2017,445000.0,147004,Petrol,Automatic,Locally Used,1500
Mazda Demio,2020,574000.0,60004,Petrol,Automatic,Foreign Used,1500
Toyota Fielder,2013,650000.0,76750,Hybrid,Automatic,Foreign Used,1500
Nissan Note,2017,384000.0,116351,Petrol,Automatic,Locally Used,1500
Toyota Vitz,2019,538000.0,60162,Hybrid,Automatic,Foreign Used,1500
Nissan Note,2017,451000.0,72340,Petrol,Automatic,Foreign Used,1500
Toyota Prado,2016,3216000.0,25760,Diesel,Automatic,Foreign Used,2700
Honda Fit,2018,408000.0,89088,Petrol,Automatic,Locally Used,1500
Toyota Prado,2017,4098000.0,176140,Diesel,Automatic,Locally Used,2700
Toyota Fielder,2013,612000.0,163095,Petrol,Automatic,Locally Used,1500
Toyota Vitz,2014,338000.0,161728,Petrol,Automatic,Locally Used,1500
Toyota Prado,2021,5586000.0,174485,Diesel,Automatic,Locally Used,2700
Honda Fit,2018,480000.0,10063,Petrol,Automatic,Locally Used,1500
Toyota Fielder,2017,767000.0,76637,Petrol,Automatic,Foreign Used,1500
Mazda Demio,2022,554000.0,115505,Petrol,Automatic,Locally Used,1500
Mazda Demio,2019,384000.0,105003,Petrol,Automatic,Locally Used,1500
Suzuki Alto,2021,311000.0,68741,Petrol,Automatic,Locally Used,1000
Toyota Fielder,2011,321000.0,39665,Petrol,Automatic,Locally Used,1500
Nissan Note,2022,656000.0,159051,Petrol,Automatic,Locally Used,1500
Mazda Demio,2016,416000.0,43657,Petrol,Automatic,Foreign Used,1500
Suzuki Alto,2019,435000.0,38487,Hybrid,Manual,Foreign Used,1000
Toyota Fielder,2010,417000.0,54785,Petrol,Automatic,Foreign Used,1500
Mazda Demio,2024,1014000.0,36834,Petrol,Automatic,Foreign Used,1500
Mazda Demio,2015,349000.0,172458,Hybrid,Automatic,Locally Used,1500
Nissan Note,2018,306000.0,65118,Petrol,Automatic,Locally Used,1500
Honda Fit,2017,427000.0,141071,Hybrid,Automatic,Locally Used,1500
Toyota Vitz,2022,806000.0,53659,Hybrid,Automatic,Foreign Used,1500
Toyota Prado,2020,5368000.0,51449,Diesel,Automatic,Foreign Used,2700
Toyota Fielder,2017,1100000.0,36538,Petrol,Automatic,Foreign Used,1500
Honda Fit,2022,796000.0,93988,Petrol,Automatic,Locally Used,1500
Toyota Prado,2013,2915000.0,132052,Diesel,Automatic,Locally Used,2700
Toyota Prado,2024,9237000.0,166717,Diesel,Automatic,Locally Used,2700
Honda Fit,2014,351000.0,93277,Petrol,Automatic,Locally Used,1500
Suzuki Alto,2019,355000.0,171571,Petrol,Manual,Locally Used,1000
Toyota Prado,2022,7155000.0,58517,Diesel,Automatic,Foreign Used,2700
Toyota Fielder,2022,1697000.0,24851,Petrol,Automatic,Foreign Used,1500
Nissan Note,2022,562000.0,112729,Petrol,Automatic,Locally Used,1500
Toyota Prado,2018,4563000.0,74096,Diesel,Automatic,Locally Used,2700
Toyota Vitz,2020,522000.0,141101,Petrol,Automatic,Locally Used,1500
Suzuki Alto,2019,349000.0,11975,Petrol,Automatic,Locally Used,1000
Toyota Fielder,2011,444000.0,120608,Petrol,Automatic,Locally Used,1500
Honda Fit,2023,903000.0,92763,Petrol,Automatic,Locally Used,1500
Nissan Note,2018,535000.0,74153,Hybrid,Automatic,Foreign Used,1500
Honda Fit,2022,708000.0,93372,Hybrid,Automatic,Locally Used,1500
Toyota Vitz,2020,659000.0,66545,Hybrid,Automatic,Foreign Used,1500
Toyota Fielder,2011,335000.0,113354,Petrol,Automatic,Locally Used,1500
Toyota Vitz,2016,422000.0,106312,Petrol,Automatic,Locally Used,1500
Nissan Note,2023,773000.0,91868,Petrol,Automatic,Locally Used,1500
Toyota Fielder,2018,1225000.0,31195,Hybrid,Automatic,Foreign Used,1500
Honda Fit,2015,394000.0,91026,Petrol,Automatic,Locally Used,1500
Toyota Prado,2013,3342000.0,67379,Diesel,Automatic,Foreign Used,2700
Suzuki Alto,2017,374000.0,35441,Petrol,Automatic,Foreign Used,1000
Toyota Vitz,2019,416000.0,133954,Petrol,Automatic,Locally Used,1500
Mazda Demio,2022,501000.0,173417,Petrol,Automatic,Locally Used,1500
Toyota Fielder,2017,716000.0,36235,Petrol,Automatic,Locally Used,1500
Toyota Prado,2012,2674000.0,28593,Diesel,Automatic,Foreign Used,2700
Toyota Fielder,2020,1197000.0,29814,Petrol,Automatic,Foreign Used,1500
Toyota Prado,2015,3658000.0,26346,Diesel,Automatic,Foreign Used,2700
Nissan Note,2017,410000.0,30176,Petrol,Automatic,Locally Used,1500
Toyota Vitz,2022,784000.0,102538,Petrol,Automatic,Locally Used,1500
Toyota Fielder,2012,544000.0,27915,Petrol,Automatic,Foreign Used,1500
Nissan Note,2017,399000.0,51906,Petrol,Automatic,Locally Used,1500
Honda Fit,2013,309000.0,11799,Petrol,Automatic,Locally Used,1500
Toyota Vitz,2023,848000.0,122234,Petrol,Automatic,Locally Used,1500
Nissan Note,2021,438000.0,17797,Petrol,Automatic,Locally Used,1500
Nissan Note,2023,701000.0,127314,Petrol,Automatic,Locally Used,1500
Honda Fit,2024,729000.0,132713,Petrol,Automatic,Locally Used,1500
Toyota Fielder,2019,1049000.0,120382,Petrol,Automatic,Locally Used,1500
Honda Fit,2015,326000.0,57277,Petrol,Automatic,Locally Used,1500
Toyota Prado,2016,4105000.0,49009,Diesel,Automatic,Foreign Used,2700
Toyota Fielder,2019,800000.0,43041,Hybrid,Automatic,Locally Used,1500
Nissan Note,2022,571000.0,72421,Petrol,Automatic,Locally Used,1500
Toyota Prado,2022,5905000.0,20951,Diesel,Automatic,Foreign Used,2700
Toyota Prado,2015,2918000.0,38188,Diesel,Automatic,Locally Used,2700
Nissan Note,2019,419000.0,44716,Petrol,Automatic,Foreign Used,1500
Suzuki Alto,2021,594000.0,24219,Petrol,Manual,Foreign Used,1000
Honda Fit,2022,661000.0,75339,Hybrid,Automatic,Locally Used,1500
Toyota Prado,2017,3144000.0,74200,Diesel,Automatic,Locally Used,2700
Toyota Fielder,2014,582000.0,42726,Petrol,Automatic,Foreign Used,1500
Toyota Vitz,2022,831000.0,168493,Petrol,Automatic,Locally Used,1500
Honda Fit,2022,866000.0,56656,Petrol,Automatic,Foreign Used,1500
Toyota Fielder,2017,1021000.0,48037,Petrol,Automatic,Foreign Used,1500
Honda Fit,2021,741000.0,35027,Petrol,Automatic,Locally Used,1500
Suzuki Alto,2024,622000.0,170683,Petrol,Automatic,Locally Used,1000
Honda Fit,2021,758000.0,59718,Petrol,Automatic,Foreign Used,1500
Toyota Prado,2024,9334000.0,79436,Diesel,Automatic,Locally Used,2700
Toyota Vitz,2021,810000.0,61251,Petrol,Automatic,Foreign Used,1500
Toyota Fielder,2017,848000.0,32657,Petrol,Automatic,Locally Used,1500
Toyota Vitz,2016,467000.0,20963,Petrol,Automatic,Foreign Used,1500
Toyota Fielder,2016,857000.0,31930,Petrol,Automatic,Foreign Used,1500
Nissan Note,2018,444000.0,43308,Petrol,Automatic,Foreign Used,1500
Toyota Prado,2024,7458000.0,176254,Diesel,Automatic,Locally Used,2700
Nissan Note,2022,652000.0,26071,Petrol,Automatic,Foreign Used,1500
Suzuki Alto,2023,486000.0,87572,Petrol,Manual,Locally Used,1000
Toyota Fielder,2022,1228000.0,63394,Petrol,Automatic,Foreign Used,1500
Honda Fit,2020,678000.0,84565,Petrol,Automatic,Locally Used,1500
Suzuki Alto,2020,363000.0,46044,Petrol,Manual,Locally Used,1000
Honda Fit,2017,378000.0,32804,Petrol,Automatic,Locally Used,1500
Nissan Note,2020,482000.0,21574,Petrol,Automatic,Foreign Used,1500
Toyota Fielder,2011,488000.0,22553,Hybrid,Automatic,Foreign Used,1500
Toyota Prado,2019,6264000.0,53672,Diesel,Automatic,Foreign Used,2700
Toyota Prado,2013,2204000.0,79906,Diesel,Automatic,Foreign Used,2700
Suzuki Alto,2018,360000.0,24313,Petrol,Manual,Foreign Used,1000
Toyota Vitz,2019,644000.0,57917,Hybrid,Automatic,Foreign Used,1500
Honda Fit,2023,861000.0,29635,Petrol,Automatic,Foreign Used,1500
Toyota Fielder,2016,826000.0,71348,Petrol,Automatic,Foreign Used,1500
Toyota Vitz,2022,585000.0,45465,Petrol,Automatic,Locally Used,1500
Honda Fit,2021,883000.0,65184,Hybrid,Automatic,Foreign Used,1500
Suzuki Alto,2022,461000.0,143854,Petrol,Automatic,Locally Used,1000
Mazda Demio,2019,633000.0,31895,Hybrid,Automatic,Foreign Used,1500
Toyota Fielder,2016,962000.0,50222,Hybrid,Automatic,Foreign Used,1500
Honda Fit,2014,436000.0,23068,Petrol,Automatic,Foreign Used,1500
Toyota Fielder,2015,557000.0,115637,Petrol,Automatic,Locally Used,1500
Toyota Fielder,2018,955000.0,86697,Petrol,Automatic,Locally Used,1500
Toyota Fielder,2013,629000.0,74875,Petrol,Automatic,Foreign Used,1500
Toyota Vitz,2018,510000.0,125920,Petrol,Automatic,Locally Used,1500
Suzuki Alto,2022,400000.0,26418,Petrol,Automatic,Locally Used,1000
Honda Fit,2017,437000.0,44845,Petrol,Automatic,Foreign Used,1500
Nissan Note,2017,466000.0,54111,Petrol,Automatic,Foreign Used,1500
Nissan Note,2016,308000.0,23769,Petrol,Automatic,Foreign Used,1500
Toyota Prado,2015,3247000.0,96151,Diesel,Automatic,Locally Used,2700
Mazda Demio,2020,447000.0,86304,Hybrid,Automatic,Locally Used,1500
Honda Fit,2023,880000.0,74327,Hybrid,Automatic,Foreign Used,1500
Toyota Prado,2016,2971000.0,29094,Diesel,Automatic,Foreign Used,2700
Toyota Fielder,2022,1524000.0,19765,Petrol,Automatic,Locally Used,1500
Honda Fit,2020,658000.0,127242,Hybrid,Automatic,Locally Used,1500
Toyota Fielder,2016,749000.0,31364,Petrol,Automatic,Foreign Used,1500
Honda Fit,2015,363000.0,53584,Petrol,Automatic,Foreign Used,1500
Toyota Vitz,2023,1058000.0,54034,Petrol,Automatic,Foreign Used,1500
Suzuki Alto,2021,505000.0,59485,Petrol,Manual,Locally Used,1000
Toyota Prado,2016,3712000.0,63875,Diesel,Automatic,Foreign Used,2700
Toyota Prado,2012,3103000.0,69476,Diesel,Automatic,Foreign Used,2700
Toyota Prado,2012,2374000.0,58608,Diesel,Automatic,Foreign Used,2700
Toyota Prado,2016,3623000.0,29898,Diesel,Automatic,Foreign Used,2700
Toyota Vitz,2023,664000.0,166897,Petrol,Automatic,Locally Used,1500
Toyota Vitz,2019,416000.0,34229,Petrol,Automatic,Locally Used,1500
Toyota Fielder,2021,1609000.0,51242,Petrol,Automatic,Foreign Used,1500
Suzuki Alto,2022,368000.0,140691,Hybrid,Manual,Locally Used,1000
Toyota Fielder,2015,625000.0,63622,Petrol,Automatic,Foreign Used,1500
Toyota Prado,2010,2088000.0,34698,Diesel,Automatic,Locally Used,2700
Suzuki Alto,2024,834000.0,75303,Petrol,Automatic,Foreign Used,1000
Mazda Demio,2022,564000.0,146525,Petrol,Automatic,Locally Used,1500
Nissan Note,2021,545000.0,52614,Petrol,Automatic,Locally Used,1500
Mazda Demio,2019,596000.0,58783,Petrol,Automatic,Foreign Used,1500
Toyota Fielder,2024,1382000.0,109139,Petrol,Automatic,Locally Used,1500
Toyota Prado,2011,2750000.0,73033,Diesel,Automatic,Foreign Used,2700
Nissan Note,2021,569000.0,57976,Petrol,Automatic,Foreign Used,1500
Suzuki Alto,2019,331000.0,55724,Petrol,Automatic,Locally Used,1000
Honda Fit,2018,534000.0,98836,Petrol,Automatic,Locally Used,1500
Mazda Demio,2015,413000.0,46682,Petrol,Automatic,Foreign Used,1500
Nissan Note,2021,627000.0,63365,Petrol,Automatic,Locally Used,1500
Nissan Note,2019,438000.0,27960,Petrol,Automatic,Foreign Used,1500
Toyota Vitz,2021,631000.0,61799,Petrol,Automatic,Foreign Used,1500
Toyota Prado,2019,3764000.0,64475,Diesel,Automatic,Locally Used,2700
Toyota Vitz,2022,709000.0,73350,Petrol,Automatic,Foreign Used,1500
Suzuki Alto,2022,364000.0,92045,Hybrid,Manual,Locally Used,1000
Toyota Prado,2012,2683000.0,36355,Diesel,Automatic,Foreign Used,2700
Toyota Prado,2011,2054000.0,175986,Diesel,Automatic,Locally Used,2700
Toyota Fielder,2021,1261000.0,56020,Petrol,Automatic,Foreign Used,1500
Toyota Vitz,2024,1164000.0,49090,Petrol,Automatic,Foreign Used,1500
Toyota Fielder,2018,732000.0,93711,Petrol,Automatic,Locally Used,1500
Toyota Fielder,2021,1327000.0,45686,Petrol,Automatic,Foreign Used,1500
Toyota Fielder,2016,584000.0,132247,Petrol,Automatic,Locally Used,1500
Suzuki Alto,2023,541000.0,137534,Petrol,Automatic,Locally Used,1000
Suzuki Alto,2017,318000.0,46726,Petrol,Automatic,Foreign Used,1000
Toyota Prado,2022,7355000.0,179170,Diesel,Automatic,Locally Used,2700
Toyota Prado,2018,3512000.0,48354,Diesel,Automatic,Locally Used,2700
Nissan Note,2018,384000.0,111268,Petrol,Automatic,Locally Used,1500
Suzuki Alto,2023,473000.0,88802,Petrol,Automatic,Locally Used,1000
Toyota Prado,2022,9354000.0,47711,Diesel,Automatic,Foreign Used,2700
Nissan Note,2014,302000.0,117309,Hybrid,Automatic,Locally Used,1500
Toyota Vitz,2024,678000.0,72776,Hybrid,Automatic,Locally Used,1500
Toyota Vitz,2022,803000.0,23677,Hybrid,Automatic,Locally Used,1500
Suzuki Alto,2020,485000.0,45894,Petrol,Manual,Foreign Used,1000
Honda Fit,2013,348000.0,62841,Petrol,Automatic,Foreign Used,1500
Nissan Note,2021,582000.0,28022,Petrol,Automatic,Locally Used,1500
Toyota Fielder,2012,501000.0,73795,Petrol,Automatic,Foreign Used,1500
Nissan Note,2020,541000.0,143385,Petrol,Automatic,Locally Used,1500
Toyota Fielder,2011,366000.0,77085,Petrol,Automatic,Foreign Used,1500
Mazda Demio,2022,593000.0,31349,Hybrid,Automatic,Foreign Used,1500
Toyota Vitz,2023,665000.0,129029,Hybrid,Automatic,Locally Used,1500
Toyota Prado,2022,6869000.0,28235,Diesel,Automatic,Foreign Used,2700
Toyota Fielder,2017,822000.0,23244,Petrol,Automatic,Locally Used,1500
Toyota Prado,2016,4377000.0,38317,Diesel,Automatic,Foreign Used,2700
Toyota Fielder,2010,360000.0,107674,Hybrid,Automatic,Locally Used,1500
Suzuki Alto,2018,434000.0,26350,Petrol,Manual,Foreign Used,1000
Toyota Prado,2013,2478000.0,56994,Diesel,Automatic,Foreign Used,2700
Mazda Demio,2021,740000.0,26099,Petrol,Automatic,Foreign Used,1500
Toyota Fielder,2016,643000.0,45882,Hybrid,Automatic,Foreign Used,1500
Toyota Prado,2024,9366000.0,21569,Diesel,Automatic,Foreign Used,2700
Suzuki Alto,2023,393000.0,61441,Petrol,Automatic,Locally Used,1000
Suzuki Alto,2024,714000.0,117961,Petrol,Manual,Locally Used,1000
Toyota Fielder,2021,1095000.0,34819,Petrol,Automatic,Locally Used,1500
Toyota Fielder,2019,1099000.0,138839,Petrol,Automatic,Locally Used,1500
Toyota Prado,2022,7106000.0,96541,Diesel,Automatic,Locally Used,2700
Honda Fit,2016,420000.0,71976,Petrol,Automatic,Foreign Used,1500
Honda Fit,2016,437000.0,141580,Petrol,Automatic,Locally Used,1500
Toyota Prado,2020,6123000.0,57851,Diesel,Automatic,Foreign Used,2700
Toyota Fielder,2021,982000.0,22464,Petrol,Automatic,Locally Used,1500
Toyota Fielder,2016,791000.0,159185,Hybrid,Automatic,Locally Used,1500
Nissan Note,2023,691000.0,56000,Petrol,Automatic,Foreign Used,1500
Nissan Note,2019,367000.0,44438,Petrol,Automatic,Locally Used,1500
Toyota Vitz,2017,404000.0,135057,Petrol,Automatic,Locally Used,1500
Honda Fit,2018,400000.0,172587,Petrol,Automatic,Locally Used,1500
Suzuki Alto,2020,382000.0,46560,Petrol,Manual,Foreign Used,1000
Honda Fit,2017,558000.0,39932,Petrol,Automatic,Foreign Used,1500
Toyota Fielder,2017,1039000.0,54139,Petrol,Automatic,Foreign Used,1500
Honda Fit,2016,386000.0,60327,Hybrid,Automatic,Locally Used,1500
Toyota Prado,2023,10343000.0,74435,Diesel,Automatic,Foreign Used,2700
Nissan Note,2019,475000.0,60261,Petrol,Automatic,Locally Used,1500
Mazda Demio,2016,440000.0,32965,Petrol,Automatic,Foreign Used,1500
Toyota Fielder,2012,512000.0,96497,Petrol,Automatic,Locally Used,1500
Mazda Demio,2017,376000.0,120940,Hybrid,Automatic,Locally Used,1500
Toyota Prado,2023,6486000.0,74566,Diesel,Automatic,Foreign Used,2700
Suzuki Alto,2024,612000.0,144502,Petrol,Automatic,Locally Used,1000
Honda Fit,2021,541000.0,52450,Petrol,Automatic,Locally Used,1500
Nissan Note,2021,573000.0,134656,Petrol,Automatic,Locally Used,1500
Toyota Fielder,2023,1403000.0,29450,Petrol,Automatic,Locally Used,1500
Toyota Prado,2011,1886000.0,75604,Diesel,Automatic,Locally Used,2700
Toyota Prado,2010,1553000.0,63190,Diesel,Automatic,Locally Used,2700
Toyota Fielder,2015,592000.0,43313,Petrol,Automatic,Foreign Used,1500
Toyota Prado,2011,1998000.0,42730,Diesel,Automatic,Locally Used,2700
Nissan Note,2022,722000.0,62663,Petrol,Automatic,Foreign Used,1500
Toyota Fielder,2016,784000.0,119556,Petrol,Automatic,Locally Used,1500
Honda Fit,2018,400000.0,114673,Petrol,Automatic,Locally Used,1500
Suzuki Alto,2017,380000.0,68815,Hybrid,Manual,Foreign Used,1000
Toyota Vitz,2018,399000.0,69900,Petrol,Automatic,Locally Used,1500
Mazda Demio,2019,391000.0,105135,Petrol,Automatic,Locally Used,1500
Mazda Demio,2024,950000.0,20198,Petrol,Automatic,Foreign Used,1500
Toyota Prado,2015,3920000.0,75476,Diesel,Automatic,Foreign Used,2700
Nissan Note,2017,368000.0,29271,Petrol,Automatic,Foreign Used,1500
Nissan Note,2015,315000.0,84695,Petrol,Automatic,Locally Used,1500
Toyota Vitz,2018,428000.0,44675,Petrol,Automatic,Foreign Used,1500
Toyota Fielder,2014,535000.0,114993,Hybrid,Automatic,Locally Used,1500
Mazda Demio,2017,359000.0,157109,Petrol,Automatic,Locally Used,1500
Toyota Vitz,2022,961000.0,43381,Hybrid,Automatic,Foreign Used,1500
Toyota Fielder,2019,754000.0,50223,Hybrid,Automatic,Locally Used,1500
Honda Fit,2014,333000.0,49740,Petrol,Automatic,Foreign Used,1500
Honda Fit,2015,391000.0,98729,Petrol,Automatic,Locally Used,1500
Toyota Vitz,2014,376000.0,53273,Petrol,Automatic,Foreign Used,1500
Honda Fit,2016,373000.0,58005,Petrol,Automatic,Foreign Used,1500
Toyota Vitz,2022,783000.0,29773,Petrol,Automatic,Foreign Used,1500
Suzuki Alto,2016,330000.0,66258,Petrol,Automatic,Foreign Used,1000
Nissan Note,2017,329000.0,37193,Hybrid,Automatic,Foreign Used,1500
Toyota Vitz,2018,619000.0,22518,Petrol,Automatic,Foreign Used,1500
Honda Fit,2023,870000.0,34830,Petrol,Automatic,Foreign Used,1500
Toyota Fielder,2016,684000.0,112073,Petrol,Automatic,Locally Used,1500
Toyota Fielder,2020,1100000.0,58939,Petrol,Automatic,Foreign Used,1500
Nissan Note,2019,346000.0,54499,Petrol,Automatic,Locally Used,1500
Honda Fit,2020,557000.0,113994,Petrol,Automatic,Locally Used,1500
Nissan Note,2021,425000.0,99109,Petrol,Automatic,Locally Used,1500
Honda Fit,2019,536000.0,60449,Petrol,Automatic,Foreign Used,1500
Mazda Demio,2016,310000.0,26583,Petrol,Automatic,Locally Used,1500
Nissan Note,2019,414000.0,73940,Petrol,Automatic,Foreign Used,1500
Mazda Demio,2022,742000.0,20486,Petrol,Automatic,Locally Used,1500
Suzuki Alto,2021,503000.0,145468,Petrol,Automatic,Locally Used,1000
Nissan Note,2018,450000.0,147061,Petrol,Automatic,Locally Used,1500
Honda Fit,2013,324000.0,18002,Hybrid,Automatic,Locally Used,1500
Mazda Demio,2020,434000.0,124292,Hybrid,Automatic,Locally Used,1500
Toyota Fielder,2015,593000.0,16019,Petrol,Automatic,Locally Used,1500
Suzuki Alto,2023,382000.0,146060,Petrol,Automatic,Locally Used,1000
Suzuki Alto,2024,444000.0,81483,Petrol,Manual,Locally Used,1000
Toyota Prado,2015,3228000.0,50067,Diesel,Automatic,Foreign Used,2700
Mazda Demio,2016,383000.0,158721,Petrol,Automatic,Locally Used,1500
Honda Fit,2020,737000.0,38148,Petrol,Automatic,Foreign Used,1500
Toyota Prado,2017,3855000.0,139748,Diesel,Automatic,Locally Used,2700
Toyota Vitz,2024,796000.0,79363,Petrol,Automatic,Foreign Used,1500
Honda Fit,2015,318000.0,11729,Petrol,Automatic,Locally Used,1500
Mazda Demio,2016,302000.0,111645,Petrol,Automatic,Locally Used,1500
Toyota Vitz,2020,537000.0,48902,Petrol,Automatic,Locally Used,1500
Suzuki Alto,2021,514000.0,16648,Petrol,Manual,Locally Used,1000
Toyota Fielder,2013,622000.0,150372,Petrol,Automatic,Locally Used,1500
Toyota Prado,2015,3215000.0,58941,Diesel,Automatic,Locally Used,2700
Toyota Fielder,2024,1647000.0,23871,Petrol,Automatic,Locally Used,1500
Honda Fit,2019,492000.0,79515,Petrol,Automatic,Locally Used,1500
Suzuki Alto,2018,302000.0,47483,Petrol,Manual,Foreign Used,1000
Toyota Fielder,2010,453000.0,106570,Petrol,Automatic,Locally Used,1500
Toyota Prado,2014,2499000.0,144621,Diesel,Automatic,Locally Used,2700
Toyota Prado,2019,3411000.0,80580,Diesel,Automatic,Locally Used,2700
Toyota Prado,2019,4182000.0,20330,Diesel,Automatic,Foreign Used,2700
Nissan Note,2018,421000.0,93621,Petrol,Automatic,Locally Used,1500
Toyota Vitz,2021,643000.0,23355,Petrol,Automatic,Foreign Used,1500
Toyota Vitz,2020,794000.0,56490,Petrol,Automatic,Foreign Used,1500
